1,Smith,John,60
2,Johnson,Sarah,60
3,Williams,Michael,60
4,Jones,Emma,60
5,Brown,James,60
6,Davis,Sophia,60
7,Miller,Liam,60
8,Anderson,Olivia,60
9,Taylor,Noah,60
10,Thomas,Ava,60
11,Jackson,Isabella,60
12,White,Elijah,60
13,Harris,Charlotte,60
14,Martin,Lucas,60
15,Thompson,Amelia,60
16,Garcia,Harper,60
17,Martinez,Evelyn,60
18,Robinson,Lincoln,60
19,Clark,Aiden,60
20,Lewis,Mia,60
21,Young,Carter,60
22,Hall,Grace,60
23,Scott,Scarlett,60
24,Green,Victoria,60
25,Adams,Henry,60
26,Baker,Riley,60
27,Gonzalez,Zoe,60
28,Nelson,Ethan,60
29,Hill,Eleanor,60
30,Ramirez,Hannah,60
31,Campbell,Samuel,60
32,Murphy,David,60
33,Collins,Lillian,60
34,Ross,Andrew,60
35,Bell,Sofia,60
36,Ward,Nathan,60
37,Turner,Avery,60
38,Cook,Grace,60
39,Parker,Scarlett,60
40,Cooper,Zoey,60
41,Rogers,Evelyn,60
42,Rivera,Emily,60
43,Brooks,Alexander,60
44,Long,Abigail,60
45,Perry,Daniel,60
46,Powell,Mila,60
47,Butler,Levi,60
48,Stewart,Liam,60
49,Reed,Nora,60
50,Watson,Hazel,60